{
  "project_info": {
    "project_number": "473323206031",
    "firebase_url": "https://flicksaddict-17539.firebaseio.com",
    "project_id": "flicksaddict-17539",
    "storage_bucket": "flicksaddict-17539.appspot.com"
  },
  "client": [
    {
      "client_info": {
        "mobilesdk_app_id": "1:473323206031:android:4f8c2d1f2c68db44",
        "android_client_info": {
          "package_name": "com.example.admin.movies_stage2"
        }
      },
      "oauth_client": [
        {
          "client_id": "473323206031-knhi4248sllucd4pnfefm9rnlkq5qp5k.apps.googleusercontent.com",
          "client_type": 1,
          "android_info": {
            "package_name": "com.example.admin.movies_stage2",
            "certificate_hash": "52a0c487eae1f24c7e9784c2670d2d4ffd2b91aa"
          }
        },
        {
          "client_id": "473323206031-cqptum60tj01spor5uvctbtk66d34kfu.apps.googleusercontent.com",
          "client_type": 3
        }
      ],
      "api_key": [
        {
          "current_key": "AIzaSyDw0L8KAcxTNUioeH-LeGhPjwYTiZD1wk8"
        }
      ],
      "services": {
        "appinvite_service": {
          "other_platform_oauth_client": [
            {
              "client_id": "473323206031-cqptum60tj01spor5uvctbtk66d34kfu.apps.googleusercontent.com",
              "client_type": 3
            }
          ]
        }
      }
    }
  ],
  "configuration_version": "1"
}